Produto,Preço,Link
"Cadeira Gamer Corsair TC100 Relaxed Fabric, Até 120Kg, Com Almofadas, Reclinável, Cilindro de Gás Classe 4, Preto - CF-9010051-WW","R$ 1.099,90",https://www.kabum.com.br/produto/403259/cadeira-gamer-corsair-tc100-relaxed-fabric-ate-120kg-com-almofadas-reclinavel-cilindro-de-gas-classe-4-preto-cf-9010051-ww
"Cadeira Gamer Corsair T3 Rush 2023, Até 120Kg, Com Almofadas, Reclinável, Apoio de Braços 4D, Cinza e Branco - CF-9010058-WW","R$ 1.299,90",https://www.kabum.com.br/produto/403264/cadeira-gamer-corsair-t3-rush-2023-ate-120kg-com-almofadas-reclinavel-apoio-de-bracos-4d-cinza-e-branco-cf-9010058-ww
"Cadeira Gamer Corsair T3 Rush 2023, Até 120Kg, Com Almofadas, Reclinável, Apoio de Braços 4D, Preto e Cinza - CF-9010057-WW","R$ 1.199,90",https://www.kabum.com.br/produto/403263/cadeira-gamer-corsair-t3-rush-2023-ate-120kg-com-almofadas-reclinavel-apoio-de-bracos-4d-preto-e-cinza-cf-9010057-ww
Kit 4 Cadeiras De Escritorio Esteirinha Mesh Ergonomica - Preto,"R$ 1.119,90",https://www.kabum.com.br/produto/401497/kit-4-cadeiras-de-escritorio-esteirinha-mesh-ergonomica-preto
"Kit 2 Cadeiras De Escritório Esteirinha Mesh, Ergonômica, Preto","R$ 479,90",https://www.kabum.com.br/produto/402107/kit-2-cadeiras-de-escritorio-esteirinha-mesh-ergonomica-preto
"Kit 6 Cadeiras De Escritório Begonia, Tela Mesh, Ergonômica - Preto","R$ 1.239,90",https://www.kabum.com.br/produto/486360/kit-6-cadeiras-de-escritorio-begonia-tela-mesh-ergonomica-preto
"Kit 02 Cadeiras Office Nobrand Eiffel Botonê Ajustável Base Giratória, Branco","R$ 524,90",https://www.kabum.com.br/produto/418227/kit-02-cadeiras-office-nobrand-eiffel-botone-ajustavel-base-giratoria-branco
"Kit 4 Cadeiras De Escritório Interlocutor, Fixa Com Base Cromada - W-21 Preta","R$ 610,85",https://www.kabum.com.br/produto/459940/kit-4-cadeiras-de-escritorio-interlocutor-fixa-com-base-cromada-w-21-preta
"Kit 15 Cadeiras De Escritório Oficial Webshop Esteirinha, Peso Recomendado: 120 kg, Tela Mesh, Giratória, Preta","R$ 3.999,90",https://www.kabum.com.br/produto/535890/kit-15-cadeiras-de-escritorio-oficial-webshop-esteirinha-peso-recomendado-120-kg-tela-mesh-giratoria-preta
"Kit 6 Cadeiras De Escritório Oficial Webshop, Secretaria Diretor Roma, Suporta 120Kg, Ergonômica","R$ 1.904,90",https://www.kabum.com.br/produto/495824/kit-6-cadeiras-de-escritorio-oficial-webshop-secretaria-diretor-roma-suporta-120kg-ergonomica
"Kit 2 Cadeiras Office, Big Pillow, Presidente - Preto","R$ 1.862,30",https://www.kabum.com.br/produto/364495/kit-2-cadeiras-office-big-pillow-presidente-preto
"Kit 2 Cadeiras De Escritório Diretor Relax Ergonômica, Preto","R$ 784,90",https://www.kabum.com.br/produto/520507/kit-2-cadeiras-de-escritorio-diretor-relax-ergonomica-preto
"Kit 5 Cadeiras De Escritório Esteirinha Mesh Ergonômica, Preto","R$ 1.379,90",https://www.kabum.com.br/produto/520554/kit-5-cadeiras-de-escritorio-esteirinha-mesh-ergonomica-preto
Kit 5 Cadeiras Fixa W-22 Store,"R$ 1.535,69",https://www.kabum.com.br/produto/461585/kit-5-cadeiras-fixa-w-22-store
"Kit 3 Cadeiras De Escritório Oficial Begonia, Mesh Ergonômico, Cinza","R$ 989,90",https://www.kabum.com.br/produto/495755/kit-3-cadeiras-de-escritorio-oficial-begonia-mesh-ergonomico-cinza
"Kit 4 Cadeiras De Escritório Oficial Webshop, Secretaria Diretor Roma, Suporta 120Kg, Ergonômica","R$ 1.289,90",https://www.kabum.com.br/produto/495814/kit-4-cadeiras-de-escritorio-oficial-webshop-secretaria-diretor-roma-suporta-120kg-ergonomica
"Kit 6 Cadeiras Escritório Oficial Webshop Diretor, Suporta 120 kg, Tela Mesh, Encosto De Cabeça","R$ 1.799,90",https://www.kabum.com.br/produto/495796/kit-6-cadeiras-escritorio-oficial-webshop-diretor-suporta-120-kg-tela-mesh-encosto-de-cabeca
Kit 2 Cadeiras De Escritório Baba Shop Diretor Big Fixa Preta,"R$ 1.280,30",https://www.kabum.com.br/produto/439325/kit-2-cadeiras-de-escritorio-baba-shop-diretor-big-fixa-preta
"Kit 5 Cadeiras De Escritório Begonia, Tela Mesh Ergonômica, Preto","R$ 1.737,38",https://www.kabum.com.br/produto/520357/kit-5-cadeiras-de-escritorio-begonia-tela-mesh-ergonomica-preto
"Kit 3 Cadeiras De Escritorio Oficial Begonia Tela Mesh Ergonomico, Preto","R$ 649,90",https://www.kabum.com.br/produto/418241/kit-3-cadeiras-de-escritorio-oficial-begonia-tela-mesh-ergonomico-preto
Kit 2 Cadeiras De Escritório Diretor Stripes Preta - Preto,"R$ 1.134,80",https://www.kabum.com.br/produto/364492/kit-2-cadeiras-de-escritorio-diretor-stripes-preta-preto
"Kit 2 Cadeiras De Escritorio Oficial Webshop, Begonia Tela Mesh, Peso Recomendado: 110kg, Ergonomico, Preto","R$ 444,90",https://www.kabum.com.br/produto/401498/kit-2-cadeiras-de-escritorio-oficial-webshop-begonia-tela-mesh-peso-recomendado-110kg-ergonomico-preto
"Kit 5 Cadeiras Escritório Diretor Oficial Webshop, Suporta 120 kg, Tela Mesh, Encosto De Cabeça","R$ 1.509,90",https://www.kabum.com.br/produto/495799/kit-5-cadeiras-escritorio-diretor-oficial-webshop-suporta-120-kg-tela-mesh-encosto-de-cabeca
