produto,descricao,preco
Nona Fitness Tank,This is a variable product called a Nona Fitness Tank,$39.00
Fiona Fitness Short,This is a variable product called a Fiona Fitness Short,$29.00
Tiffany Fitness Tee,This is a variable product called a Tiffany Fitness Tee,$28.00
Desiree Fitness Tee,This is a variable product called a Desiree Fitness Tee,$24.00
Atlas Fitness Tank,This is a variable product called a Atlas Fitness Tank,$18.00
Sinbad Fitness Tank,This is a variable product called a Sinbad Fitness Tank,$29.00
Erikssen CoolTech™ Fitness Tank,This is a variable product called a Erikssen CoolTech™ Fitness Tank,$29.00
Orestes Fitness Short,This is a variable product called a Orestes Fitness Short,$35.00
Cobalt CoolTech™ Fitness Short,This is a variable product called a Cobalt CoolTech™ Fitness Short,$44.00
Aero Daily Fitness Tee,This is a variable product called a Aero Daily Fitness Tee,$24.00
Proteus Fitness Jackshirt,This is a variable product called a Proteus Fitness Jackshirt,$45.00
Zing Jump Rope,This is a simple product called Zing Jump Rope,$12.00
Zoe Tank,This is a variable product called a Zoe Tank,$29.00
Ariel Roll Sleeve Sweatshirt,This is a variable product called a Ariel Roll Sleeve Sweatshirt,$39.00
Sparta Gym Tank,This is a variable product called a Sparta Gym Tank,$29.00
Meteor Workout Short,This is a variable product called a Meteor Workout Short,$32.50
